project,lat_nad83,lon_nad83,utm18n_easting_m,utm18n_northing_m,local_x_east_m,local_z_south_m
Project 1,39.14583588,-74.08703792,578893.1,4333357.2,586.2,14132.6
Project 1,39.15934424,-74.11338401,576601.8,4334833.7,-1705.2,12656.0
Project 1,39.16098574,-74.10069729,577696.1,4335026.7,-610.9,12463.1
Project 1,39.16262586,-74.08801001,578790.4,4335219.6,483.4,12270.1
Project 1,39.16426459,-74.07532217,579884.7,4335412.6,1577.8,12077.1
Project 1,39.16590193,-74.06263376,580979.0,4335605.5,2672.1,11884.2
Project 1,39.17449107,-74.12705166,575404.7,4336503.2,-2902.2,10986.5
Project 1,39.17613404,-74.1143625,576499.0,4336696.2,-1807.9,10793.6
Project 1,39.17777561,-74.10167278,577593.3,4336889.1,-713.6,10600.6
Project 1,39.17941579,-74.08898249,578687.7,4337082.1,380.7,10407.6
Project 1,39.18105459,-74.07629164,579782.0,4337275.0,1475.0,10214.7
Project 1,39.18269199,-74.06360023,580876.3,4337468.0,2569.4,10021.7
Project 1,39.184328,-74.05090826,581970.6,4337661.0,3663.7,9828.8
Project 1,39.18963633,-74.14072514,574207.7,4338172.7,-4099.3,9317.0
Project 1,39.19128075,-74.12803354,575302.0,4338365.7,-3005.0,9124.1
Project 1,39.19292378,-74.11534138,576396.3,4338558.6,-1910.7,8931.1
Project 1,39.19456542,-74.10264865,577490.6,4338751.6,-816.3,8738.1
Project 1,39.19620567,-74.08995536,578584.9,4338944.5,278.0,8545.2
Project 1,39.19784453,-74.0772615,579679.3,4339137.5,1372.3,8352.2
Project 1,39.199482,-74.06456708,580773.6,4339330.5,2466.6,8159.3
Mutual Project Overlap (Project 1 or 2),39.20111808,-74.05187209,581867.9,4339523.4,3560.9,7966.3
Mutual Project Overlap (Project 1 or 2),39.20275276,-74.03917655,582962.2,4339716.4,4655.3,7773.4
Mutual Project Overlap (Project 1 or 2),39.20438606,-74.02648045,584056.5,4339909.3,5749.6,7580.4
Mutual Project Overlap (Project 1 or 2),39.20601796,-74.01378378,585150.8,4340102.3,6843.9,7387.4
Project 1,39.20148408,-74.17979082,570822.0,4339456.3,-7485.0,8033.4
Project 1,39.20313274,-74.16709793,571916.3,4339649.2,-6390.7,7840.5
Project 1,39.20478001,-74.15440446,573010.6,4339842.2,-5296.3,7647.5
Project 1,39.20642589,-74.14171042,574104.9,4340035.2,-4202.0,7454.6
Project 1,39.20807038,-74.12901582,575199.2,4340228.1,-3107.7,7261.6
Project 1,39.20971348,-74.11632064,576293.6,4340421.1,-2013.4,7068.6
Project 1,39.21135519,-74.10362491,577387.9,4340614.0,-919.1,6875.7
Project 1,39.2129955,-74.0909286,578482.2,4340807.0,175.3,6682.7
Project 1,39.21463443,-74.07823174,579576.5,4340999.9,1269.6,6489.8
Mutual Project Overlap (Project 1 or 2),39.21627196,-74.06553431,580670.8,4341192.9,2363.9,6296.8
Mutual Project Overlap (Project 1 or 2),39.2179081,-74.05283631,581765.2,4341385.9,3458.2,6103.9
Mutual Project Overlap (Project 1 or 2),39.21954285,-74.04013776,582859.5,4341578.8,4552.5,5910.9
Mutual Project Overlap (Project 1 or 2),39.22117621,-74.02743864,583953.8,4341771.8,5646.8,5717.9
Mutual Project Overlap (Project 1 or 2),39.22280817,-74.01473896,585048.1,4341964.7,6741.2,5525.0
Mutual Project Overlap (Project 1 or 2),39.22443875,-74.00203872,586142.4,4342157.7,7835.5,5332.0
Project 1,39.21662326,-74.19348087,569624.9,4341125.8,-8682.0,6363.9
Project 1,39.21827338,-74.18078553,570719.2,4341318.7,-7587.7,6171.0
Project 1,39.21992211,-74.16808962,571813.6,4341511.7,-6493.4,5978.0
Project 1,39.22156945,-74.15539315,572907.9,4341704.7,-5399.1,5785.1
Project 1,39.2232154,-74.1426961,574002.2,4341897.6,-4304.8,5592.1
Project 1,39.22485996,-74.12999849,575096.5,4342090.6,-3210.4,5399.2
Project 1,39.22650313,-74.1173003,576190.8,4342283.5,-2116.1,5206.2
Project 1,39.2281449,-74.10460155,577285.1,4342476.5,-1021.8,5013.2
Mutual Project Overlap (Project 1 or 2),39.22978528,-74.09190224,578379.5,4342669.4,72.5,4820.3
Mutual Project Overlap (Project 1 or 2),39.23142427,-74.07920236,579473.8,4342862.4,1166.8,4627.3
Mutual Project Overlap (Project 1 or 2),39.23306187,-74.06650192,580568.1,4343055.4,2261.2,4434.4
Mutual Project Overlap (Project 1 or 2),39.23469808,-74.05380091,581662.4,4343248.3,3355.5,4241.4
Mutual Project Overlap (Project 1 or 2),39.23633289,-74.04109934,582756.7,4343441.3,4449.8,4048.4
Mutual Project Overlap (Project 1 or 2),39.23796631,-74.02839721,583851.1,4343634.2,5544.1,3855.5
Mutual Project Overlap (Project 1 or 2),39.23959834,-74.01569451,584945.4,4343827.2,6638.4,3662.5
Mutual Project Overlap (Project 1 or 2),39.24122897,-74.00299126,586039.7,4344020.2,7732.7,3469.6
Project 2,39.24285821,-73.99028745,587134.0,4344213.1,8827.1,3276.6
Project 2,39.24448605,-73.97758308,588228.3,4344406.1,9921.4,3083.7
Project 1,39.23506263,-74.18178064,570616.5,4343181.2,-7690.4,4308.5
Project 1,39.23671143,-74.16908173,571710.8,4343374.2,-6596.1,4115.6
Project 1,39.23835884,-74.15638224,572805.1,4343567.1,-5501.8,3922.6
Project 1,39.24000486,-74.14368218,573899.5,4343760.1,-4407.5,3729.7
Project 1,39.24164949,-74.13098155,574993.8,4343953.0,-3313.2,3536.7
Project 1,39.24329272,-74.11828035,576088.1,4344146.0,-2218.9,3343.7
Project 1,39.24493456,-74.10557859,577182.4,4344338.9,-1124.5,3150.8
Mutual Project Overlap (Project 1 or 2),39.24657501,-74.09287626,578276.7,4344531.9,-30.2,2957.8
Mutual Project Overlap (Project 1 or 2),39.24821407,-74.08017337,579371.1,4344724.9,1064.1,2764.9
Mutual Project Overlap (Project 1 or 2),39.24985173,-74.06746991,580465.4,4344917.8,2158.4,2571.9
Mutual Project Overlap (Project 1 or 2),39.251488,-74.05476588,581559.7,4345110.8,3252.7,2378.9
Mutual Project Overlap (Project 1 or 2),39.25312288,-74.0420613,582654.0,4345303.7,4347.1,2186.0
Mutual Project Overlap (Project 1 or 2),39.25475636,-74.02935615,583748.3,4345496.7,5441.4,1993.0
Project 2,39.25638845,-74.01665044,584842.6,4345689.7,6535.7,1800.1
Project 2,39.25801914,-74.00394416,585937.0,4345882.6,7630.0,1607.1
Project 2,39.25964844,-73.99123733,587031.3,4346075.6,8724.3,1414.2
Project 2,39.26127635,-73.97852994,588125.6,4346268.5,9818.7,1221.2
Project 1,39.25185182,-74.18277616,570513.8,4345043.7,-7793.2,2446.1
Project 1,39.25350069,-74.17007423,571608.1,4345236.6,-6698.9,2253.1
Project 1,39.25514818,-74.15737172,572702.4,4345429.6,-5604.5,2060.2
Project 1,39.25679426,-74.14466865,573796.7,4345622.5,-4510.2,1867.2
Project 1,39.25843896,-74.13196501,574891.0,4345815.5,-3415.9,1674.2
Project 1,39.26008226,-74.1192608,575985.4,4346008.4,-2321.6,1481.3
Project 1,39.26172417,-74.10655602,577079.7,4346201.4,-1227.3,1288.3
Mutual Project Overlap (Project 1 or 2),39.26336469,-74.09385067,578174.0,4346394.4,-132.9,1095.4
Project 2,39.26500381,-74.08114476,579268.3,4346587.3,961.4,902.4
Project 2,39.26664154,-74.06843828,580362.6,4346780.3,2055.7,709.5
Project 2,39.26827788,-74.05573124,581457.0,4346973.2,3150.0,516.5
Project 2,39.26991282,-74.04302363,582551.3,4347166.2,4244.3,323.5
Project 2,39.27154636,-74.03031546,583645.6,4347359.1,5338.6,130.6
Project 2,39.27317851,-74.01760673,584739.9,4347552.1,6433.0,-62.4
Project 2,39.27480927,-74.00489744,585834.2,4347745.1,7527.3,-255.3
Project 2,39.27643863,-73.99218759,586928.5,4347938.0,8621.6,-448.3
Project 2,39.27806659,-73.97947717,588022.9,4348131.0,9715.9,-641.3
Project 1,39.26533889,-74.20918026,568222.4,4346520.2,-10084.5,969.5
Project 1,39.26699062,-74.19647646,569316.7,4346713.2,-8990.2,776.6
Project 1,39.26864096,-74.18377208,570411.0,4346906.1,-7895.9,583.6
Project 1,39.27028991,-74.17106713,571505.4,4347099.1,-6801.6,390.7
Project 1,39.27193746,-74.15836161,572599.7,4347292.0,-5707.3,197.7
Project 1,39.27358362,-74.14565552,573694.0,4347485.0,-4613.0,4.7
Project 1,39.27522839,-74.13294886,574788.3,4347677.9,-3518.6,-188.2
Project 1,39.27687176,-74.12024163,575882.6,4347870.9,-2424.3,-381.2
Project 1,39.27851374,-74.10753383,576977.0,4348063.9,-1330.0,-574.1
Mutual Project Overlap (Project 1 or 2),39.28015432,-74.09482547,578071.3,4348256.8,-235.7,-767.1
Project 2,39.28179351,-74.08211653,579165.6,4348449.8,858.6,-960.0
Project 2,39.2834313,-74.06940704,580259.9,4348642.7,1953.0,-1153.0
Project 2,39.2850677,-74.05669697,581354.2,4348835.7,3047.3,-1346.0
Project 2,39.2867027,-74.04398634,582448.5,4349028.6,4141.6,-1538.9
Project 2,39.28833631,-74.03127515,583542.9,4349221.6,5235.9,-1731.9
Project 2,39.28996852,-74.0185634,584637.2,4349414.6,6330.2,-1924.8
Project 2,39.29159934,-74.00585108,585731.5,4349607.5,7424.5,-2117.8
Project 2,39.29322876,-73.99313821,586825.8,4349800.5,8518.9,-2310.8
Project 2,39.29485678,-73.98042477,587920.1,4349993.4,9613.2,-2503.7
Project 1,39.27716406,-74.24829964,564836.7,4347803.8,-13470.2,-314.0
Project 1,39.27882005,-74.23559455,565931.0,4347996.7,-12375.9,-507.0
Project 1,39.28047464,-74.22288887,567025.4,4348189.7,-11281.6,-700.0
Project 1,39.28212784,-74.21018263,568119.7,4348382.6,-10187.3,-892.9
Project 1,39.28377964,-74.19747581,569214.0,4348575.6,-9093.0,-1085.9
Project 1,39.28543005,-74.18476841,570308.3,4348768.6,-7998.6,-1278.8
Project 1,39.28707907,-74.17206044,571402.6,4348961.5,-6904.3,-1471.8
Project 1,39.28872669,-74.1593519,572496.9,4349154.5,-5810.0,-1664.8
Project 1,39.29037292,-74.14664279,573591.3,4349347.4,-4715.7,-1857.7
Project 1,39.29201776,-74.13393311,574685.6,4349540.4,-3621.4,-2050.7
Project 1,39.2936612,-74.12122286,575779.9,4349733.4,-2527.1,-2243.6
Project 1,39.29530325,-74.10851204,576874.2,4349926.3,-1432.7,-2436.6
Mutual Project Overlap (Project 1 or 2),39.2969439,-74.09580065,577968.5,4350119.3,-338.4,-2629.5
Project 2,39.29858315,-74.0830887,579062.9,4350312.2,755.9,-2822.5
Project 2,39.30022101,-74.07037618,580157.2,4350505.2,1850.2,-3015.5
Project 2,39.30185747,-74.05766309,581251.5,4350698.1,2944.5,-3208.4
Project 2,39.30349254,-74.04494944,582345.8,4350891.1,4038.9,-3401.4
Project 2,39.30512621,-74.03223522,583440.1,4351084.1,5133.2,-3594.3
Project 2,39.30675849,-74.01952044,584534.4,4351277.0,6227.5,-3787.3
Project 2,39.30838936,-74.0068051,585628.8,4351470.0,7321.8,-3980.2
Project 2,39.31001884,-73.9940892,586723.1,4351662.9,8416.1,-4173.2
Project 2,39.31164693,-73.98137273,587817.4,4351855.9,9510.5,-4366.2
Project 1,39.29560879,-74.23660336,565828.3,4349859.2,-12478.6,-2369.5
Project 1,39.29726345,-74.22389467,566922.6,4350052.1,-11384.3,-2562.4
Project 1,39.29891673,-74.2111854,568016.9,4350245.1,-10290.0,-2755.4
Project 1,39.30056861,-74.19847556,569111.3,4350438.1,-9195.7,-2948.3
Project 1,39.30221909,-74.18576515,570205.6,4350631.0,-8101.4,-3141.3
Project 1,39.30386818,-74.17305416,571299.9,4350824.0,-7007.1,-3334.3
Project 1,39.30551588,-74.16034259,572394.2,4351016.9,-5912.7,-3527.2
Project 1,39.30716218,-74.14763046,573488.5,4351209.9,-4818.4,-3720.2
Project 1,39.30880708,-74.13491776,574582.8,4351402.9,-3724.1,-3913.1
Project 1,39.31045059,-74.12220448,575677.2,4351595.8,-2629.8,-4106.1
Project 1,39.3120927,-74.10949064,576771.5,4351788.8,-1535.5,-4299.0
Mutual Project Overlap (Project 1 or 2),39.31373342,-74.09677623,577865.8,4351981.7,-441.1,-4492.0
Project 2,39.31537274,-74.08406125,578960.1,4352174.7,653.2,-4685.0
Project 2,39.31701067,-74.0713457,580054.4,4352367.6,1747.5,-4877.9
Project 2,39.3186472,-74.05862958,581148.8,4352560.6,2841.8,-5070.9
Project 2,39.32028233,-74.04591291,582243.1,4352753.6,3936.1,-5263.8
Project 2,39.32191606,-74.03319566,583337.4,4352946.5,5030.4,-5456.8
Project 2,39.3235484,-74.02047786,584431.7,4353139.5,6124.8,-5649.7
Project 2,39.32517934,-74.00775949,585526.0,4353332.4,7219.1,-5842.7
Project 1,39.31900808,-74.18676229,570102.8,4352493.5,-8204.1,-5003.7
Project 1,39.32065724,-74.17404827,571197.2,4352686.4,-7109.8,-5196.7
Project 1,39.32230501,-74.16133369,572291.5,4352879.4,-6015.5,-5389.7
Project 1,39.32395138,-74.14861853,573385.8,4353072.3,-4921.2,-5582.6
Project 1,39.32559635,-74.1359028,574480.1,4353265.3,-3826.8,-5775.6
Project 1,39.32723993,-74.1231865,575574.4,4353458.3,-2732.5,-5968.5
Project 1,39.32888211,-74.11046963,576668.8,4353651.2,-1638.2,-6161.5
Mutual Project Overlap (Project 1 or 2),39.3305229,-74.09775219,577763.1,4353844.2,-543.9,-6354.5
Project 2,39.33216229,-74.08503418,578857.4,4354037.1,550.4,-6547.4
Project 2,39.33380028,-74.07231561,579951.7,4354230.1,1644.8,-6740.4
Project 2,39.33543687,-74.05959646,581046.0,4354423.1,2739.1,-6933.3
Project 2,39.33707207,-74.04687676,582140.3,4354616.0,3833.4,-7126.3
Project 2,39.33870586,-74.03415648,583234.7,4354809.0,4927.7,-7319.2
Project 2,39.34033826,-74.02143565,584329.0,4355001.9,6022.0,-7512.2
Project 1,39.33744625,-74.1750428,571094.4,4354548.9,-7212.5,-7059.2
Project 1,39.33909409,-74.16232518,572188.7,4354741.8,-6118.2,-7252.1
Project 1,39.34074053,-74.149607,573283.1,4354934.8,-5023.9,-7445.1
Project 1,39.34238557,-74.13688824,574377.4,4355127.8,-3929.6,-7638.0
Project 1,39.34402922,-74.12416891,575471.7,4355320.7,-2835.2,-7831.0
Project 1,39.34567147,-74.11144901,576566.0,4355513.7,-1740.9,-8024.0
Mutual Project Overlap (Project 1 or 2),39.34731232,-74.09872854,577660.3,4355706.6,-646.6,-8216.9
Project 2,39.34895178,-74.0860075,578754.7,4355899.6,447.7,-8409.9
Project 2,39.35058983,-74.0732859,579849.0,4356092.6,1542.0,-8602.8
Project 2,39.35222649,-74.06056373,580943.3,4356285.5,2636.3,-8795.8
Project 2,39.35386175,-74.04784099,582037.6,4356478.5,3730.7,-8988.7
Project 2,39.35549561,-74.03511768,583131.9,4356671.4,4825.0,-9181.7
Project 1,39.3525859,-74.18875779,569897.4,4356218.4,-8409.6,-8728.7
Project 1,39.35423521,-74.17603772,570991.7,4356411.3,-7315.3,-8921.6
Project 1,39.35588311,-74.16331708,572086.0,4356604.3,-6220.9,-9114.6
Project 1,39.35752963,-74.15059587,573180.3,4356797.3,-5126.6,-9307.5
Project 1,39.35917474,-74.13787408,574274.7,4356990.2,-4032.3,-9500.5
Project 1,39.36081846,-74.12515172,575369.0,4357183.2,-2938.0,-9693.5
Project 1,39.36246078,-74.11242879,576463.3,4357376.1,-1843.7,-9886.4
Mutual Project Overlap (Project 1 or 2),39.3641017,-74.09970529,577557.6,4357569.1,-749.3,-10079.4
Project 2,39.36574122,-74.08698122,578651.9,4357762.0,345.0,-10272.3
Project 2,39.36737934,-74.07425658,579746.2,4357955.0,1439.3,-10465.3
Project 2,39.36901606,-74.06153137,580840.6,4358148.0,2533.6,-10658.2
Project 2,39.37065139,-74.0488056,581934.9,4358340.9,3627.9,-10851.2
Project 1,39.36937473,-74.18975616,569794.6,4358080.8,-8512.3,-10591.1
Project 1,39.37102411,-74.17703306,570889.0,4358273.8,-7418.0,-10784.1
Project 2,39.26290286,-73.96582199,589219.9,4346461.5,10913.0,1028.2
Project 2,39.26452797,-73.95311349,590314.2,4346654.4,12007.3,835.3
Project 2,39.27969316,-73.9667662,589117.2,4348323.9,10810.2,-834.2
Project 2,39.28131833,-73.95405467,590211.5,4348516.9,11904.6,-1027.2
Project 2,39.29648341,-73.96771077,589014.5,4350186.4,10707.5,-2696.7
Project 2,39.29810864,-73.95499622,590108.8,4350379.4,11801.8,-2889.6
Project 2,39.31327361,-73.96865571,588911.7,4352048.8,10604.8,-4559.1
Project 2,39.3148989,-73.95593813,590006.0,4352241.8,11699.1,-4752.1
Project 2,39.31652279,-73.94321999,591100.4,4352434.8,12793.4,-4945.0
